search_term,playlist_id,playlist_name,description,followers,total_tracks,owner,external_url
Bollywood hits,6Z3BmVoSFRvMeMkv9XclTb,Top Bollywood Hits 2025,"bollywood hindi hit songs, top hindi songs, best hindi playlist, top hindi bollywood songs, top hindi hits 2025, best bollwood hindi hits 2025, arijit singh, new hindi songs, new bollywood music, latest hindi, new latest songs, best playlist",0,47,zusic,https://open.spotify.com/playlist/6Z3BmVoSFRvMeMkv9XclTb
Bollywood hits,3ba6w8ldKCmJN8IxI8ClXm,Bollywood Party 2025 üî•,Top Bollywood Hits of the Year | ig: _ashvipatel,0,382,Ashvi,https://open.spotify.com/playlist/3ba6w8ldKCmJN8IxI8ClXm
Bollywood hits,7sTkp2X5Aq84v9w9UtfkaF,All time Best BOLLYWOOD songs,mostlyafter2000 managed   - quickmedia.co (IG),0,1133,Ankur Pansare,https://open.spotify.com/playlist/7sTkp2X5Aq84v9w9UtfkaF
Bollywood hits,4nqbYFYZOCospBb4miwHWy,Trending Hindi Songs 2025 - Best Hindi Viral Hits Songs & Bollywood New Release,"Instagram Trending Hindi Songs, New Hindi Songs, Best Hindi Songs, Bollywood Songs, New Release Updated 2024, Bollywood Hits Songs, Love Songs, Viral Hindi Songs, Today&#x27;s Top Hits, New Trending Songs, Trending Hindi Songs 2024, Trending Songs, Best Hindi Songs",0,96,Feel Magical Vibes,https://open.spotify.com/playlist/4nqbYFYZOCospBb4miwHWy
Bollywood hits,2Kj5NUtVetggUDHPIGC9U7,Nostalgic Bollywood Songs (2000 -2010),Bollywood Hindi Punjabi Nostalgia Songs | Hit Bollywood Hindi Punjabi Songs Each Year (2000- 2010),0,68,Music Styles,https://open.spotify.com/playlist/2Kj5NUtVetggUDHPIGC9U7
Bollywood hits,4sWESBk2LnY8LyAxl12JEL,Classic Bollywood bangers,,0,151,Uzair javid,https://open.spotify.com/playlist/4sWESBk2LnY8LyAxl12JEL
Bollywood hits,0S7boBN3rPfo2F1DXX5U7k,All time bollywood party hits,,0,88,Sarmishtha Jain,https://open.spotify.com/playlist/0S7boBN3rPfo2F1DXX5U7k
Bollywood hits,2QnLDxeZMzIoCno54I9vKj,Bollywood Party Hits 2000-2022,Bollywood Party Hits 2000-2022,0,100,Soundd Asia,https://open.spotify.com/playlist/2QnLDxeZMzIoCno54I9vKj
Bollywood hits,4wJLkwU84uscxJ7SOlmUX1,Hot Hindi Hits 2010-2020,The best Bollywood hit songs of the decade 2010 - 2020,0,83,Sanketh B,https://open.spotify.com/playlist/4wJLkwU84uscxJ7SOlmUX1
Bollywood hits,0gpeaqsVaCIfwOqlBtLiXf,Arijit Singh super hit songs,,0,43,Manisha Bhoir,https://open.spotify.com/playlist/0gpeaqsVaCIfwOqlBtLiXf
Bollywood hits,6wVv6RynspgsuFVpzUigDu,Bollywood Hits 2000-10s,,0,77,RoyMiller62,https://open.spotify.com/playlist/6wVv6RynspgsuFVpzUigDu
Hindi songs,0i2S0eEdftTrmLKueMWUKX,Hindi songs (best of 2000-2025),,0,364,Vaishnavi,https://open.spotify.com/playlist/0i2S0eEdftTrmLKueMWUKX
Hindi songs,4nqbYFYZOCospBb4miwHWy,Trending Hindi Songs 2025 - Best Hindi Viral Hits Songs & Bollywood New Release,"Instagram Trending Hindi Songs, New Hindi Songs, Best Hindi Songs, Bollywood Songs, New Release Updated 2024, Bollywood Hits Songs, Love Songs, Viral Hindi Songs, Today&#x27;s Top Hits, New Trending Songs, Trending Hindi Songs 2024, Trending Songs, Best Hindi Songs",0,96,Feel Magical Vibes,https://open.spotify.com/playlist/4nqbYFYZOCospBb4miwHWy
Hindi songs,2U5naKBJ5DN3oOPbuRiTem,Hindi Songs - Mega Hit Mix - Bollywood songs - All time top 1000 songs,All time top 1000 songs - Bollywood Hindi songs. Mega Hit mix. Best songs in bollywood ranging from 1970s - 2020s,0,1024,Ankit Shah,https://open.spotify.com/playlist/2U5naKBJ5DN3oOPbuRiTem
Hindi songs,3bDJLJzvUBxBV4C7mezz6p,Top 50 Hindi Songs 2025 ( July ),"New hindi songs 2025,latest hindi songs 2025,new bollywood songs 2025,new hindi songs 2025,hindi songs 2025,latest hindi songs 2025,bollywood songs 2025,top hindi songs,sad hindi songs,romantic hindi songs,Top 50 Hindi Songs 2025 April,Aaj ki Raat,Sajni,raanjhan,2025,jo tum mere ho,ishq hai,2024",0,577,Music Box,https://open.spotify.com/playlist/3bDJLJzvUBxBV4C7mezz6p
Hindi songs,3y0dAb7a1ZRA7ArQzHqVkR,Hindi Music 2025 üéµ Best Hindi Songs / New Hindi Songs 2025 / Top Hits,"All the latest and most popular Hindi tracks &#x2F; Songs trending today newest hindi viral now , mix of sad , romantic , bollywood Songs , latest hindi üé∏",0,562,ViralTones,https://open.spotify.com/playlist/3y0dAb7a1ZRA7ArQzHqVkR
Hindi songs,6Z3BmVoSFRvMeMkv9XclTb,Top Bollywood Hits 2025,"bollywood hindi hit songs, top hindi songs, best hindi playlist, top hindi bollywood songs, top hindi hits 2025, best bollwood hindi hits 2025, arijit singh, new hindi songs, new bollywood music, latest hindi, new latest songs, best playlist",0,47,zusic,https://open.spotify.com/playlist/6Z3BmVoSFRvMeMkv9XclTb
Hindi songs,5iO6NAT7FkwyJ54qrwvqYP,Hindi Songs üáÆüá≥üî•,,0,428,ùêµùíæùìàùíΩùí∂ùìÅ„ÉÑ,https://open.spotify.com/playlist/5iO6NAT7FkwyJ54qrwvqYP
Hindi songs,0fc9xfo7k5hqTZJUFOX2YH,Hindi Songs,,0,324,Shrutiiii,https://open.spotify.com/playlist/0fc9xfo7k5hqTZJUFOX2YH
Hindi songs,0Sm64Lu6z1OK8yM3Oeo4Wx,Best indie songs of all time ,,0,92,Jen Affleck,https://open.spotify.com/playlist/0Sm64Lu6z1OK8yM3Oeo4Wx
Hindi songs,3ygQdfyyZJHlGzQ5TMU4lU,Best Hindi Hot Hits 2024,Cover: Stree 2 Best Hindi Songs 2024 | Top Hits 2024 | All time best songs | Romantic songs | Bollywood songs | Hollywook songs | Instagram Reels | Tik Tok music,0,139,Elecrora,https://open.spotify.com/playlist/3ygQdfyyZJHlGzQ5TMU4lU
Hindi songs,707CiNrlsG6MDWG7K2HmnW,TOP 50 HINDI SONGS - LATEST HINDI HITS  (MAY 2025),TOP 50 HINDI SONGS - LATEST HINDI HITS  (MAY 2025),0,50,StereoAux,https://open.spotify.com/playlist/707CiNrlsG6MDWG7K2HmnW
Hindi songs,7D5SFFJ2ZX12fxWUziDhjN,Hindi songs ,,0,280,Nkbrijesh,https://open.spotify.com/playlist/7D5SFFJ2ZX12fxWUziDhjN
Hindi songs,6DUz3ugSUX6ls2lq9AseKx,Hindi Songs,,0,411,Saket Tipnis,https://open.spotify.com/playlist/6DUz3ugSUX6ls2lq9AseKx
Hindi songs,2Kj5NUtVetggUDHPIGC9U7,Nostalgic Bollywood Songs (2000 -2010),Bollywood Hindi Punjabi Nostalgia Songs | Hit Bollywood Hindi Punjabi Songs Each Year (2000- 2010),0,68,Music Styles,https://open.spotify.com/playlist/2Kj5NUtVetggUDHPIGC9U7
Bollywood classics,4sWESBk2LnY8LyAxl12JEL,Classic Bollywood bangers,,0,151,Uzair javid,https://open.spotify.com/playlist/4sWESBk2LnY8LyAxl12JEL
Bollywood classics,1g0ObStnohqvNXeDhyXVE7,"60s, 70s, 80s Hindi Melodies (Bollywood Timeless Classics)",Soothing melodies of 3 decades for night time listening are listed. ,0,140,Amuthan Angappan,https://open.spotify.com/playlist/1g0ObStnohqvNXeDhyXVE7
Bollywood classics,7sTkp2X5Aq84v9w9UtfkaF,All time Best BOLLYWOOD songs,mostlyafter2000 managed   - quickmedia.co (IG),0,1133,Ankur Pansare,https://open.spotify.com/playlist/7sTkp2X5Aq84v9w9UtfkaF
Bollywood classics,45kAbfAdCqx3DjnoByW5hg,Golden & Timeless Old Bollywood ,"Old and golden Bollywood songs will always be evergreen. Soulful and melodious, enjoy these classics from Kishore Kumar, Lata Mangeshkar, Asha Bhosle, and more.",0,68,Disha Aroha,https://open.spotify.com/playlist/45kAbfAdCqx3DjnoByW5hg
Bollywood classics,4VigpjqpONdVfSdhAPGTzR,"50s, 60s, 70s & 80s Bollywood Hits","346 songs | 1950s, 1960s, 1970s, 1980s | hindi ‚Ä¢ popular ‚Ä¢ evergreen ‚Ä¢ classics ‚Ä¢ superhit ‚Ä¢ retro ‚Ä¢ old",0,346,Raghu,https://open.spotify.com/playlist/4VigpjqpONdVfSdhAPGTzR
Bollywood classics,32jzKNGIoUc6c0sPoLo4eK,Bollywood hindi instrumentals,Hindi classics,0,139,Ankit,https://open.spotify.com/playlist/32jzKNGIoUc6c0sPoLo4eK
Bollywood classics,4jZXURZC4S2KBt9IfA7fJ7,Best of Bollywood 1990s,The best Hindi songs from the 1990s,0,78,Ajay Srinivasan,https://open.spotify.com/playlist/4jZXURZC4S2KBt9IfA7fJ7
Bollywood classics,67iTzi1HD2lO3xom6uYW6J,"70s, 80s and 90s Bollywood classics",Enjoy these memorable songs from 70s and 80s. Also check out my 90s only songs from this playlist https:&#x2F;&#x2F;open.spotify.com&#x2F;playlist&#x2F;2YlxfEsDUNRp646ahXL6lQ?si=l5iuLmIPRR6oQwFxxRma-w,0,370,Sekhar Vajjhala,https://open.spotify.com/playlist/67iTzi1HD2lO3xom6uYW6J
Bollywood classics,055kvG2XzWqLe7fsMf6xmN,90s Bollywood,Jam to these 90s bollywood classics form Saajan to DDLJ,0,903,Musico Playlists,https://open.spotify.com/playlist/055kvG2XzWqLe7fsMf6xmN
Bollywood classics,3VHikyuDg1lCdscamf71cb,Bollywood Hits 1990s - 2000s,,0,321,Meera Sachania,https://open.spotify.com/playlist/3VHikyuDg1lCdscamf71cb
Bollywood classics,4ZhMH1aRciKzfKNX5UtAvy,Old Hindi Classics Songs,Evergreen Hits From 50&#x27;s To 70&#x27;s Hindi Bollywood Classics Song,0,113,Sankuuuuuu,https://open.spotify.com/playlist/4ZhMH1aRciKzfKNX5UtAvy
Bollywood classics,2jAQlUjsDn0FrdECMLFdrF,Hindi Dance Party (Bollywood Hindi Songs),Hindi and Indian dance songs to groove to at a party ranging from the new Bollywood songs to the classics,0,246,Tapan Desai,https://open.spotify.com/playlist/2jAQlUjsDn0FrdECMLFdrF
Bollywood classics,4euvxa6FqqvniKhH42b1Wn,"Hindi Songs (Bollywood, Pop, Indie, Hip Hop)","Best of hindi music including bollywood, hip-hop, old classics, and 90s pop. Updated every month.",0,673,Tapan Desai,https://open.spotify.com/playlist/4euvxa6FqqvniKhH42b1Wn
Bollywood classics,4A99O8hB6SMSDuOOLGZT9R,Bollywood classics from 80‚Äôs & 90‚Äôs,,0,107,Kartik Rao,https://open.spotify.com/playlist/4A99O8hB6SMSDuOOLGZT9R
Latest Hindi,3bDJLJzvUBxBV4C7mezz6p,Top 50 Hindi Songs 2025 ( July ),"New hindi songs 2025,latest hindi songs 2025,new bollywood songs 2025,new hindi songs 2025,hindi songs 2025,latest hindi songs 2025,bollywood songs 2025,top hindi songs,sad hindi songs,romantic hindi songs,Top 50 Hindi Songs 2025 April,Aaj ki Raat,Sajni,raanjhan,2025,jo tum mere ho,ishq hai,2024",0,577,Music Box,https://open.spotify.com/playlist/3bDJLJzvUBxBV4C7mezz6p
Latest Hindi,4nqbYFYZOCospBb4miwHWy,Trending Hindi Songs 2025 - Best Hindi Viral Hits Songs & Bollywood New Release,"Instagram Trending Hindi Songs, New Hindi Songs, Best Hindi Songs, Bollywood Songs, New Release Updated 2024, Bollywood Hits Songs, Love Songs, Viral Hindi Songs, Today&#x27;s Top Hits, New Trending Songs, Trending Hindi Songs 2024, Trending Songs, Best Hindi Songs",0,96,Feel Magical Vibes,https://open.spotify.com/playlist/4nqbYFYZOCospBb4miwHWy
Latest Hindi,6Z3BmVoSFRvMeMkv9XclTb,Top Bollywood Hits 2025,"bollywood hindi hit songs, top hindi songs, best hindi playlist, top hindi bollywood songs, top hindi hits 2025, best bollwood hindi hits 2025, arijit singh, new hindi songs, new bollywood music, latest hindi, new latest songs, best playlist",0,47,zusic,https://open.spotify.com/playlist/6Z3BmVoSFRvMeMkv9XclTb
Latest Hindi,7y6YBG24sUW7SzpY49PnKJ,Bollywood DJ Remixes 2025 || New year  Club  Mix Party Hindi Music,Enjoy Nonstop Bollywood collection of DJ remix from Retro to Latest [ Biggest Playlist]. ( Dear Listeners this is the ultimate collection of remixes includes every genre tracks ),0,855,K8,https://open.spotify.com/playlist/7y6YBG24sUW7SzpY49PnKJ
Latest Hindi,189Sow1xr7R94oSKs4kISc,Sad Hindi Songs üòîüíî  (Mood Off ü•∫ ) ,"Listen to the best new sad hindi songs 2024! Hindi Songs, New Songs, Sad Songs, Bollywood Songs, Love Songs, Best New Songs, Latest Songs, new songs 2024, hindi sad songs",0,135,Indian Playlists,https://open.spotify.com/playlist/189Sow1xr7R94oSKs4kISc
Latest Hindi,3ba6w8ldKCmJN8IxI8ClXm,Bollywood Party 2025 üî•,Top Bollywood Hits of the Year | ig: _ashvipatel,0,382,Ashvi,https://open.spotify.com/playlist/3ba6w8ldKCmJN8IxI8ClXm
Latest Hindi,1hMmPGGsCViZ5AOwgwt6eK,Hot Hits Hindi: Bollywood & Indie Hits,"Dive into the latest and greatest Hindi music with ‚ÄúHot Hits Hindi‚Äù by Wave Music Co. Featuring chart-topping tracks from Bollywood blockbusters and rising indie artists. Enjoy hits from Arijit Singh, Neha Kakkar, Badshah, and more. Perfect for parties, workouts, or just vibing. Updated weekly",0,4,Wave Music Co.,https://open.spotify.com/playlist/1hMmPGGsCViZ5AOwgwt6eK
Latest Hindi,3h4aLzrIYi9UZRi9Gr7xHh,New Hindi Songs 2025 üíï| New Songs 2025 | Trending Songs 2025 | Latest Song 2025| Hindi Songs| Hindi,"New songs 2025, trending songs 2025, latest song 2025, latest hindi songs, new song 2025, hindi, new song hindi 2025, trending hindi songs 2025, hindi songs, love songs, hindi songs new 2025, instagram, latest songs 2025, new, trending, hindi songs, qatal, bollywood songs, hindi, saheba, sahiba",0,98,Ashna,https://open.spotify.com/playlist/3h4aLzrIYi9UZRi9Gr7xHh
Latest Hindi,2XLC8MUVVy3vyFmN7wfPXl,New Hindi Songs 2025,"Discover New Hindi Songs üî• New hindi songs 2025,hindi songs 2025,latest hindi songs 2025,new bollywood songs 2025,New hindi Songs2025,Hindi Music,NewhindiSong,Bollywood Music,Bollywood Songs, Arijit Singh,Anuv Jain,Honey Singh songs",0,522,Music Box,https://open.spotify.com/playlist/2XLC8MUVVy3vyFmN7wfPXl
Latest Hindi,7ek5bdeTGecTQoOQ3YGO9i,NEW BOLLYWOOD SONGS 2025 - TOP 100 TRENDING BOLLYWOOD SONG DOWNLOAD - BOLLYWOOD SONGS NEW TRENDING,"New bollywood songs 2025 Top hits best bollywood songs ever most streamed by fans, best songs of bollywood, romantic bollywood, Bollywood Songs and new trending songs. bollywood songs new trending, letest bollywood new song com",0,83,Jatin Kathuria,https://open.spotify.com/playlist/7ek5bdeTGecTQoOQ3YGO9i
Latest Hindi,5HQueRKBYnEWIKyalUCCcv,Ed Sheeran X Diljit Dosanjh All songs | Trending Hindi Songs 2025,"Trending Hindi Songs 2025 | Latest Hindi Songs | chill,love,party,study,workout songs | Good Vibes",0,114,Sparklemedia,https://open.spotify.com/playlist/5HQueRKBYnEWIKyalUCCcv
Latest Hindi,4nNVfQ9eWidZXkBKZN5li4,Bollywood Top 50,"Groove to Desi chart-toppers and Bollywood‚Äôs top TikTok hits &amp; Reels Anthems ‚Äîfeaturing Arijit Singh, Badshah, AP Dhillon, Shreya Ghoshal, Neha Kakkar, Sunidhi Chauhan, A.R. Rahman, Pritam, and Tanishk Bagchi!",0,122,Filtr India,https://open.spotify.com/playlist/4nNVfQ9eWidZXkBKZN5li4
Latest Hindi,2bcSVCNr1AtyVrB3YP9dLl,TRENDING BOLLYWOOD SONGS üî• NEW HINDI SONGS | INSTAGRAM REELS VIRAL SONGS (LATEST)  ‚ù§Ô∏è‚Äçüî•,TRENDING HINDI SONGS 2024 | NEW HINDI HITS | INSTAGRAM  TRENDING REELS  BOLLYWOOD SONGS NEW,0,54,StereoAux,https://open.spotify.com/playlist/2bcSVCNr1AtyVrB3YP9dLl
Latest Hindi,20iJMbE6m4vYjIBdmkeQXe,2025 Hindi Wedding Songs (Bollywood Best Wedding Hits) | 2024 Latest Marriage Songs | Dance & Baraat,"For üë©üèª‚Äç‚ù§Ô∏è‚Äçüë®üèªRomantic vibes, danceüíÉüèªüï∫üèª&amp; emotional moments in 2023 weddings. Visit other playlists on this account &amp; Follow us.‚ú®SUBSCRIBEüü© to our YouTube channel üëâüèªWords We Worth",0,216,A.M. Music ‚ô™,https://open.spotify.com/playlist/20iJMbE6m4vYjIBdmkeQXe
Latest Hindi,0MTjPjh8ndlyoQwJvHW8Bj,Bollywood 2025 Current Hits,Updated Weekly! The best new Bollywood Music curated by the DJ Riz Entertainment Team. ,0,239,djrizent,https://open.spotify.com/playlist/0MTjPjh8ndlyoQwJvHW8Bj
Latest Hindi,2O5Z4LSwxQq2PCd8ZuR0xD,Latest Bollywood Hits 2025,"The latest Hindi Songs from Bollwood films &amp; Indie at once they are released. Latest hindi hit songs, New hindi Hits, Latest hindi top songs, Bollywood Hit songs, Bollywood hit charts, Latest bollywood party hits, Hindi Indie Instagram: @thechennaicurator, thechennaicurator@gmail.com",0,139,theChennaiCurator,https://open.spotify.com/playlist/2O5Z4LSwxQq2PCd8ZuR0xD
Tamil songs,5lfuu0un8XjAtUdxwtqjm4,All-time Tamil Hits üíØ,A collection of my favourite Tamil songs ranging from the late 90s&#x2F; Early 2000s to present. A playlist containing some of the most beautiful songs from Tamil Cinema ‚ô°.,0,581,Abi üí´,https://open.spotify.com/playlist/5lfuu0un8XjAtUdxwtqjm4
Tamil songs,0cJFpwIlxFm3NsKboxbQ6a,Tamil hits songs 2000 to 2025,,0,272,Logesh Waran,https://open.spotify.com/playlist/0cJFpwIlxFm3NsKboxbQ6a
Tamil songs,6eRlVGulCO7vk5V8eD0igA,Ilayaraja Hits: Top 100 Tamil Melody Songs Playlist,"Experience the magic of Ilayaraja&#x27;s greatest hits in this exclusive playlist. From melodious ballads to upbeat foot-tapping numbers, this playlist has something for every mood.  ",0,106,DK Music,https://open.spotify.com/playlist/6eRlVGulCO7vk5V8eD0igA
Tamil songs,75wi76gHtFUUYspvu4iFhX,New Tamil Songs 2025 üíï | Trending Tamil Songs ü©∑ | Latest Tamil Songs 2025 | Tamil Songs | Tamil,"new tamil songs 2025, new tamil songs 2024, tamil songs, latest tamil songs 2025, latest tamil, tamil songs, sad tamil songs, tamil melody hits, tamil vibe songs, romantic tamil songs, hot hits tamil, tamil new songs, trending tamil songs, tamil trending songs, trending songs, viral 50, Tamil",0,89,Your me time ü§ç,https://open.spotify.com/playlist/75wi76gHtFUUYspvu4iFhX
Tamil songs,6BTXr9DNvEsVFKcpbw4c2n,Tamil Songs ‚ù§Ô∏è‚Äçü©π,2006 - 2024,0,291,Joel Jason.,https://open.spotify.com/playlist/6BTXr9DNvEsVFKcpbw4c2n
Tamil songs,6Cy02Tb7qeEnmmDyoKOaGs,"Coolie (Tamil) All Songs & BGMs üî• - Powerhouse, Monica, Chikitu, Coolie Disco, Chikitu Vibe","Please All &#x27;Thalaivar&#x27; Fans Save &amp; Share Playlist ü´∂üèª | Powerhouse, Monica, coolie, coolie tamil, Arangam Adhirattume... Whistle Parakkatume, Chikitu, Coolie Disco, coolie songs | #Rajinikanth #Upendra #Nagarjuna #Soubin Shahir #Lokesh Kanagaraj #Anirudh Ravichander #Shruti Haasan #Pooja Hedge",0,44,Likhith Ramesh Kaashyap (LRK),https://open.spotify.com/playlist/6Cy02Tb7qeEnmmDyoKOaGs
Tamil songs,6AyzuqBGtgLTURmwm07RdL,Tamil 90s mega hit songs,,0,74,Gokul Gk,https://open.spotify.com/playlist/6AyzuqBGtgLTURmwm07RdL
Tamil songs,4svYj2L75ZkIcxgOr26Z9D,Ilayaraja Top 100 Tamil Songs,,0,130,MusicallyVC,https://open.spotify.com/playlist/4svYj2L75ZkIcxgOr26Z9D
Tamil songs,4cDKsIxnTwq22RyoCixd9M,Best Of Ilaiyaraaja - Tamil,Top Hits of Ilaiyaraaja - Ilaiyaraaja Songs - Ilaiyaraaja Hits - Romantic Hits of Ilaiyaraaja - 80s Hits of ilaiyaraaja - All time hits of Ilaiyaraaja - SPB Hits - Janaki Hits - Susheela Hits - Chitra Hits - SPB and Ilaiyaraaja Hits - 90s Hits of Ilaiyaraaja - Ilaiyaraaja Melodies - Endrum Raaja,0,88,Filtr India,https://open.spotify.com/playlist/4cDKsIxnTwq22RyoCixd9M
Tamil songs,2IaolkHeh1KFldA5ZP7ZkU,Best Tamil songs 2000-2010,,0,440,Shan,https://open.spotify.com/playlist/2IaolkHeh1KFldA5ZP7ZkU
Tamil songs,4BME5NDpshjSW4Gxsnpyul,Tamil Melody Songs 2000-2024 ( 900 Songs),,0,922,Medicos life,https://open.spotify.com/playlist/4BME5NDpshjSW4Gxsnpyul
Tamil songs,0mpwfhIYwjxyS5D2AgufyG,Top Tamil Hits 2025 | New Tamil Songs ,"New tamil songs from Tamil Industry, Latest Tamil.  Tamil Hits | Best Tamil Songs | New Tamil Songs | Latest Tamil Hits 2025. Best of Kollywood | Tamil songs - Vidamuyarchi, G.O.A.T, Thug Life, Jailer 2 | Thalapathy69 | Anirudh | ARR | U1 |",0,260,Page 27,https://open.spotify.com/playlist/0mpwfhIYwjxyS5D2AgufyG
Telugu music,1llHjtjECBo12ChwOGe38L,Telugu All Time Hits,"Telugu favourites from 2ks to 2020s,",0,427,Nikhil Viswanath,https://open.spotify.com/playlist/1llHjtjECBo12ChwOGe38L
Telugu music,3Ouz1eGYyJSSQWOPCkNbAn,Evergreen 90's Telugu Hits,Playlist converted by Soundiiz from another music platform ! Checkout Soundiiz.com,0,343,Mahesh Baswaraju,https://open.spotify.com/playlist/3Ouz1eGYyJSSQWOPCkNbAn
Telugu music,21EdxspcpDsph6Gc3Md8r1,Telugu All Time Hits (1990-2025),Handpicked Telugu Feel Good Songs. Enjoy The Unlimited Music Hits. Tip : Sort this playlist to fetch recent additions.,0,3278,Subba Reddy Gowru,https://open.spotify.com/playlist/21EdxspcpDsph6Gc3Md8r1
Telugu music,0EtnOY80MVKncxmBIUMrlV,90s Kids Telugu Best Hits,"This is specially for millennials who enjoyed pleasant &amp; beautiful songs of SPB, Mani Ratnam, AR Rehman and more over radio or music channels. Dwell in this special collection that takes you back to your kind of nostalgia. Will be updated timely.",0,219,Ramesh Manchiganti,https://open.spotify.com/playlist/0EtnOY80MVKncxmBIUMrlV
Telugu music,7CrJAWUbThSedrjhtNspeM,Best of Telugu 2000-2015,,0,346,Chandra Vamshi,https://open.spotify.com/playlist/7CrJAWUbThSedrjhtNspeM
Telugu music,6DRefDhruhCAsHBsxaY8bW,Kuberaa Album,Kuberaa Telugu Songs! Background Score! Background Music! Latest Telugu songs! Telugu Hit Songs!,0,6,Dedeepya,https://open.spotify.com/playlist/6DRefDhruhCAsHBsxaY8bW
Telugu music,5TEY0Gr78UifknDZR81QAz,Telugu New Songs 2025 | Fresh Hits,Last updated on 12th July. Tip: Sort the playlist by recently added. Collection of latest hits. Cover : Kingdom,0,127,Subba Reddy Gowru,https://open.spotify.com/playlist/5TEY0Gr78UifknDZR81QAz
Telugu music,1LdLGtTL7UDxYoCAvSu3sK,Telugu Songs 2025 - Best Telugu Music 2025  (Telugu 2025 Hit Songs),Find our playlist with these keywords: telugu hits 2025 - telugu hit songs - top telugu songs 2025 - top telugu songs - telugu music 2025 - best telugu music 2025 - top telugu music hits - telugu 2025 hit songs - top telugu music - telugu songs 2025 - famous telugu music - telugu mix 2025,0,75,Redlist - Top Hits,https://open.spotify.com/playlist/1LdLGtTL7UDxYoCAvSu3sK
Telugu music,756nGN1qEJIXvyRopFWOMY,Amaran Telugu songs,Immerse yourself in the beauty of Amaran with its soul touching music üé∂ üéµ,0,4,Angel,https://open.spotify.com/playlist/756nGN1qEJIXvyRopFWOMY
Kannada hits,2L1pMmeyN5IWA2hNJA8e5r,Latest Kannada Songs 2024 | 2025,Kannada Hit Songs 2024 | Kannada Latest Hits,0,55,Sunil_HC_Gowda,https://open.spotify.com/playlist/2L1pMmeyN5IWA2hNJA8e5r
Kannada hits,3pbDyUs25Uo2kPG6ps6zic,Kannada super hits songs,,0,300,Shivu GP,https://open.spotify.com/playlist/3pbDyUs25Uo2kPG6ps6zic
Kannada hits,4gEu20D7S53LUJqpma2MvS,Puneeth Rajkumar (Appu) [Kannada] Hits üî•| Trending Kannada Songs 2025 ‚ù§Ô∏è‚Äçüî• | Latest Kannada Songs,"# Appu ü´∂üèª | Power Star ‚ö°Ô∏è- Puneeth Rajkumar Kannada Hits | ‡≤Ö‡≤™‡≥ç‡≤™‡≥Å ‡≤∏‡≤∞‡≥ç ‡≤Ö‡≤µ‡≤∞‡≤®‡≥ç‡≤®‡≥Å ‡≤Æ‡≤ø‡≤∏‡≥ç ‡≤Æ‡≤æ‡≤°‡≤ø‡≤ï‡≥ä‡≤≥‡≥ç‡≤≥‡≥Å‡≤µ ‡≤é‡≤≤‡≥ç‡≤≤‡≤æ ‡≤Ö‡≤≠‡≤ø‡≤Æ‡≤æ‡≤®‡≤ø‡≤ó‡≤≥‡≥Å Playlist ‡≤í‡≤Ç‡≤¶‡≥Å Save &amp; Share ‡≤ï‡≥ä‡≤°‡≤ø üóøüôåüèª | Thanks For 28,800 Saves ‚ô•Ô∏è",0,110,Likhith Ramesh Kaashyap (LRK),https://open.spotify.com/playlist/4gEu20D7S53LUJqpma2MvS
Kannada hits,0xNqxCAwdvJoPqgSOWYl5d,Sonu Nigam Hits (Kannada),Collection of Super hit Kannada songs by Sonu Nigam,0,93,Deepak Gowda,https://open.spotify.com/playlist/0xNqxCAwdvJoPqgSOWYl5d
Kannada hits,0eWPIR1Us5qZOjDwxgIoQX,Top 100 kannada songs,,0,81,Surya,https://open.spotify.com/playlist/0eWPIR1Us5qZOjDwxgIoQX
Kannada hits,4TvxxFHYjBvRtaOrGl25N8,Trending Kannada Songs 2025 - Best Kannada Viral Songs,Instagram Trending Kannada Songs | Superhit Kannada Songs | Viral Kannada Songs | New Kannada Release | Kannada Hits,0,54,NDX,https://open.spotify.com/playlist/4TvxxFHYjBvRtaOrGl25N8
Kannada hits,6fk0vCsA36TNKAJlqWmLu5,Sanjith Hegde ‚Ä¢ Kannada Hits,107 songs | popular ‚Ä¢ superhit ‚Ä¢ solo ‚Ä¢ duet,0,107,Raghu,https://open.spotify.com/playlist/6fk0vCsA36TNKAJlqWmLu5
Kannada hits,45ag6vBEScvwgiEN8KzXXu,Kannada Evergreen Hits,,0,39,ashley,https://open.spotify.com/playlist/45ag6vBEScvwgiEN8KzXXu
Kannada hits,4qyxz6V55g2dWwBcrEcsgS,Dr. Rajkumar ‚Ä¢ Kannada Hits,198 songs | popular evergreen classics superhit retro,0,198,Raghu,https://open.spotify.com/playlist/4qyxz6V55g2dWwBcrEcsgS
Kannada hits,2lOoXz0qPHikSMDJuP4sNo,KANNADA ALL TIME TOP HITS,,0,55,YOGESH ACHARYA,https://open.spotify.com/playlist/2lOoXz0qPHikSMDJuP4sNo
Kannada hits,5xJl6TmKabS1gx2mflHvOu,2000-2010 Hits Kannada,,0,38,Dinakar Achar,https://open.spotify.com/playlist/5xJl6TmKabS1gx2mflHvOu
Kannada hits,3lLaT0P0ckzfoA4C2e8sGB,ü•µ Hot songs of kannada,,0,88,Maruthi,https://open.spotify.com/playlist/3lLaT0P0ckzfoA4C2e8sGB
Kannada hits,0td8Ug256plxMIOzOXKHNo,KANNADA MELODY HITS‚ù§Ô∏è‚ù§Ô∏èüî•üî•,contact: vishvaroopimusic@gmail.com&#x2F; made a new playlist named &#x27;kannada sad songs&#x27; check it out ü´†,0,238,Song diary,https://open.spotify.com/playlist/0td8Ug256plxMIOzOXKHNo
Kannada hits,6utix5lfPoZkBirWlRujqa,All time Kannada melodies,,0,63,Darshan,https://open.spotify.com/playlist/6utix5lfPoZkBirWlRujqa
Kannada hits,1jWMdzmeLF4EqBrvAjgOkA,SPB Kannada Super Hits,"This playlist contains songs of, legendary multi-lingual singer SP Balasubrahmanyam sang for various actors such as Dr. Vishnuvardhan, Ambareesh, Shankar Nag, Ananth Nag and others of Kannada Film Industry.",0,203,Srinidhilkumar,https://open.spotify.com/playlist/1jWMdzmeLF4EqBrvAjgOkA
Malayalam songs,0XH8siiUbvs2TqBNTH4PO6,Latest Malayalam Songs 2025 - New Malayalam Hit Songs,"Latest Malayalam hit songs playlist 2025 has the most popular trending latest and new Malayalam songs in Mollywood released in the year 2025 and 2024, latest malayalam songs 2025",0,383,Jose Varghese,https://open.spotify.com/playlist/0XH8siiUbvs2TqBNTH4PO6
Malayalam songs,4xrfj1jmSp9Ks9KYfhtklb,Top Malayalam Christian Devotional Songs‚ù§Ô∏èüôèüôè,üëâFollow me Instagram: @al_win_m,0,28,al_win_m,https://open.spotify.com/playlist/4xrfj1jmSp9Ks9KYfhtklb
Malayalam songs,2oyPLBrsFKCZy6BtsgLrGO,All Time Malayalam Hits [2000-2025],,0,775,alvin,https://open.spotify.com/playlist/2oyPLBrsFKCZy6BtsgLrGO
Malayalam songs,71bYeeneCyDb811RpQKR1s,Malayalam songs that make me feel like I'm in love‚ù§,,0,42,Mahima,https://open.spotify.com/playlist/71bYeeneCyDb811RpQKR1s
Malayalam songs,5hjyKX8RHy2yaZoMN7k16f,Best of Malayalam songs 2010  2024," Malayalam Melody Songs, Mollywood Melodies, Best Malayalam Songs.",0,132,Playlist Manager,https://open.spotify.com/playlist/5hjyKX8RHy2yaZoMN7k16f
Malayalam songs,321I9FccidF8E0irrX4dYz,Malayalam Old Songs - Evergreen ,,0,347,Livinfx,https://open.spotify.com/playlist/321I9FccidF8E0irrX4dYz
Malayalam songs,5oWopcBLHWkCB17qbeYFUt,‡¥Ö‡¥Æ‡¥∞‡¥Ç,the golden age of malayalam music.,0,409,Hrishi,https://open.spotify.com/playlist/5oWopcBLHWkCB17qbeYFUt
Malayalam songs,7wkoe7ETgrhiDKrLbTZRVd,Feel good Malayalam songs‚ú®,"Some of the feel goods of Malayalam.. Relaxing melodies, not too old.... ENJOY!! @mithun._.sk",0,186,Mithun Santhosh,https://open.spotify.com/playlist/7wkoe7ETgrhiDKrLbTZRVd
Malayalam songs,7s4xQbV3grZ9iAMEi4qEWN,Tamil kuthu hits collection ü•µ  |  Malayalam √ó Hindi Dance hitsüí•|,here&#x27;s my favourite dance hits songs all in one playlist :),0,160,Vaishnav,https://open.spotify.com/playlist/7s4xQbV3grZ9iAMEi4qEWN
Malayalam songs,7hkXj9uDw7iBG3Lqk02Skw,Trending Malayalam Christian Songs,,0,40,Abhishek,https://open.spotify.com/playlist/7hkXj9uDw7iBG3Lqk02Skw
Malayalam songs,5vAe36lDr4fPnJu2SRXMdW,Malyalam songs,,0,73,Rony Benny,https://open.spotify.com/playlist/5vAe36lDr4fPnJu2SRXMdW
Punjabi music,4XNreQElXXnanITwbu9kCl,Punjabi Pop & Hip-Hop Hits 2025,"Dive into the ultimate Punjabi experience with ‚ÄúPop HipHop‚Äù by Wave Music Co. Featuring the hottest Bhangra beats, Desi hits, and chart-topping tracks from artists like Shubh, AP Dhillon, and Sidhu Moose Wala. Perfect for parties, workouts, or just vibing. Updated weekly | Ig: wavemusicpro",0,4,Wave Music Co.,https://open.spotify.com/playlist/4XNreQElXXnanITwbu9kCl
Punjabi music,6P4yxpJKtlnektST6WWPbv,Top Punjabi Playlist,,0,83,yash pratap,https://open.spotify.com/playlist/6P4yxpJKtlnektST6WWPbv
Punjabi music,7bRMoRGjBpNBKbH11j2zJT,Punjabi Music,,0,862,Sukhneet Sahota,https://open.spotify.com/playlist/7bRMoRGjBpNBKbH11j2zJT
Punjabi music,5nfUCPHbGHYFYwBEIBpQeF,Punjabi Music,,0,516,Deepo,https://open.spotify.com/playlist/5nfUCPHbGHYFYwBEIBpQeF
Punjabi music,27rPmVyNvNbgV0yoGcPttq,Upbeat Christian Dance/ Workout Hits! ‚úùÔ∏èüíÉüôåüèº,"Upbeat Christian Dance remixes&#x2F; Workout&#x2F;Party music- christian pop, afrobeats, funk, disco, punjabi, EDM &amp; more! For Life Groove christian dance fitness YouTube channel!",0,848,Anna Shoko - Life Groove,https://open.spotify.com/playlist/27rPmVyNvNbgV0yoGcPttq
Punjabi music,617mx34EQu5CpUVYoRXqI3,Punjabi Music,,0,174,Simran,https://open.spotify.com/playlist/617mx34EQu5CpUVYoRXqI3
Punjabi music,2Bs6w5Va5gZGRrkwRkPxdg,Punjabi music ,,0,768,ajsp.13,https://open.spotify.com/playlist/2Bs6w5Va5gZGRrkwRkPxdg
Punjabi music,6iWv2WpZ4HWI615C182R28,77 New Punjabi Songs 2025 (July),"flyhigh_recordz | Check Out All New Punjabi Songs 2025 (July) And Enjoy New Music Punjabi With Trending Punjabi Songs. Latest Punjabi Songs 2025. Sidhu Moose Wala, Shubh, Arjan Dhillon, Karan Aujla Top Punjabi Hits, Romantic Songs, Sad Songs, Punjabi New Song 2025 Trending Now.",0,215,FlyHigh Recordz,https://open.spotify.com/playlist/6iWv2WpZ4HWI615C182R28
Punjabi music,7dzb93yzKFsCSy7XXDcaVm,Punjabi Music,,0,895,Justin Sidhu ,https://open.spotify.com/playlist/7dzb93yzKFsCSy7XXDcaVm
Punjabi music,2Ai6Gr2WJj3hspMXSPKMnb,ARJAN DHILLON All Songs,Arjan Dhillon | Arjan Dhillon songs | Arjan Dhillon hits | Punjabi music playlist | Arjan Dhillon top tracks | Punjabi pop hits | Arjan Dhillon playlist | Arjan Dhillon bangers | Punjabi love songs | Desi music hits | Arjan Dhillon best songs | Punjabi sad songs | Arjan Dhillon party hits,0,180,PMD,https://open.spotify.com/playlist/2Ai6Gr2WJj3hspMXSPKMnb
Punjabi music,5aKpsGMhsgWrm5TphyiDSl,Punjabi Music,,0,323,Rikash Vaghela,https://open.spotify.com/playlist/5aKpsGMhsgWrm5TphyiDSl
Punjabi music,0SuqtbNBpCe3QFR8XyN63p,PUNJABI WORKOUT SONGS 2025,"Punjabi Gym songs: Gym music Top workout punjabi, Top punjabi workout, latest punjabi gym songs, Powerful punjabi songs, Punjabi workout songs, punjabi pump songs, punjabi gym songs, punjabi bodybuilding, punjabi gym power, best songs for working out, workout Punjabi, Arm wrestling punjabi, Desigym",0,183,SpiceUp,https://open.spotify.com/playlist/0SuqtbNBpCe3QFR8XyN63p
Punjabi music,0ixNGnd9Zzd4EeG7F7782Y,Punjabi music,,0,679,handsomestiffgod,https://open.spotify.com/playlist/0ixNGnd9Zzd4EeG7F7782Y
Bengali songs,6OyWlWooBxAXeTSrDTlFEj,Indian Wedding Songs | Best Desi Hits,"ig: @aryashxh | Indian wedding songs, sangeet, mendhi, indian functions, punjabi, bengali, pakistani, south asian, desi, bollywood wedding songs, engagement, bollywood love songs, bollywood party songs, indian party songs, bollywood dance songs, indian sangeet, punjabi party songs",0,201,Arya Shah,https://open.spotify.com/playlist/6OyWlWooBxAXeTSrDTlFEj
Bengali songs,0RhlQa6Rc9nOj2cc4CFxLd,Bangla All Time Best Songs,"Songs By Ayub Bachchu, Habib, Imran, James, Arman alif, minar, balam, Shunno, and many more...",0,30,Mahdi Sheikh,https://open.spotify.com/playlist/0RhlQa6Rc9nOj2cc4CFxLd
Bengali songs,5Z4JxUCcEl2hqSacZnAQhI,Hit bengali songs,,0,66,Avirupghosh,https://open.spotify.com/playlist/5Z4JxUCcEl2hqSacZnAQhI
Bengali songs,6cUTgTcQtruywHqernuOYR,"‡¶Ø‡¶¶‡¶ø ‡¶∏‡¶§‡ßç‡¶Ø‡¶ø ‡¶ú‡¶æ‡¶®‡¶§‡ßá ‡¶ö‡¶æ‡¶ì, ‡¶§‡ßã‡¶Æ‡¶æ‡¶ï‡ßá ‡¶ö‡¶æ‡¶á",,0,61,bdptac,https://open.spotify.com/playlist/6cUTgTcQtruywHqernuOYR
Bengali songs,717o7YA5Y8P8Kyq3roCJHE,Soft Peaceful Bengali Songs ü•∞üòå,,0,40,Bubai Roy,https://open.spotify.com/playlist/717o7YA5Y8P8Kyq3roCJHE
Bengali songs,6r7BcKjJ6GLCflVn0uDynA,Anupam Roy Bengali Hits,Sweet bengali songs of Anupom Roy. Anupam Roy Bangla Gaan.,0,29,Abhishek,https://open.spotify.com/playlist/6r7BcKjJ6GLCflVn0uDynA
Bengali songs,53jIECa1BU5z627zooo3Ql,All Time Bengali Super Hits,Listen to the legends of some of the evergreen bengal movies.......,0,75,Baryonyx,https://open.spotify.com/playlist/53jIECa1BU5z627zooo3Ql
Bengali songs,0u0H2XZRPwkJJ0tb0kOKmo,Arijit Singh Bengali Songs,With his warm voice Arijit brings in soul and meaning to any kind of song. Arijit Singh Bangla Gaan. ( ‡¶Ö‡¶∞‡¶ø‡¶ú‡¶ø‡ßé ‡¶∏‡¶ø‡¶Ç ‡¶¨‡¶æ‡¶Ç‡¶≤‡¶æ ‡¶ó‡¶æ‡¶® ) .,0,60,Abhishek,https://open.spotify.com/playlist/0u0H2XZRPwkJJ0tb0kOKmo
Bengali songs,7tEqetqLzBnDycNn7rK1jt,Bengali Nostalgia,Dedicated to all the nostalgic songs in bengali,0,70,Ruhan,https://open.spotify.com/playlist/7tEqetqLzBnDycNn7rK1jt
Bengali songs,1ZkPwLcH7i9ky5qQWuFBYl,BENGALI FOLK SONGSü©∏ü©∏,,0,51,RAHUL,https://open.spotify.com/playlist/1ZkPwLcH7i9ky5qQWuFBYl
Bengali songs,6qNLSygwub9aWmovuuo0IZ,Bengali bangers üáßüá©üî•üáßüá©,,0,20,Anonno Habib,https://open.spotify.com/playlist/6qNLSygwub9aWmovuuo0IZ
Bengali songs,5BJp953wGB7xjwqIG04VDW,Manna Dey Bangla Timeless Songs ‡¶Æ‡¶æ‡¶®‡ßç‡¶®‡¶æ ‡¶¶‡ßá ‡¶¨‡¶æ‡¶Ç‡¶≤‡¶æ ‡¶Ü‡¶ß‡ßÅ‡¶®‡¶ø‡¶ï,"Golden Bengali Songs by Manna Dey including duets, film and album songs",0,54,dey.santanu,https://open.spotify.com/playlist/5BJp953wGB7xjwqIG04VDW
Bengali songs,7zXwzo8xvUbL7xdFJn7XHS,‡¶¨‡¶æ‡¶Ç‡¶≤‡¶æ ‡¶∏‡ßç‡¶¨‡¶∞‡ßç‡¶£‡¶Ø‡ßÅ‡¶ó‡ßá‡¶∞ ‡¶ó‡¶æ‡¶® Old is Gold Bangla Songs,"‡¶¨‡¶æ‡¶Ç‡¶≤‡¶æ ‡¶∏‡ßç‡¶¨‡¶∞‡ßç‡¶£‡¶Ø‡ßÅ‡¶ó‡ßá‡¶∞ ‡¶ó‡¶æ‡¶® Bengali Golden Age. Sandhya, Pratima, Hemanta, Manna",0,51,dey.santanu,https://open.spotify.com/playlist/7zXwzo8xvUbL7xdFJn7XHS
Bengali songs,7cAtIhjBaELfqRkiqgctZ2,Arijit Singh and Shreya Ghoshal (All Duet Songs),"All of their Duet Songs, in both Bengali and Hindi",0,32,Soham,https://open.spotify.com/playlist/7cAtIhjBaELfqRkiqgctZ2
Bengali songs,1NlAW8mImb6ZoDoizkPRez,üî• Top Bengali üáßüá© songs - 2023,,0,42,Rumz.y,https://open.spotify.com/playlist/1NlAW8mImb6ZoDoizkPRez
Bengali songs,3SzXWgtvU8QRieLHj3mXHs,Safar - Travel songs,"My curated list of songs for the essence of travel. (In Hindi, English and Bengali) Play this on your next Road Trip",0,106,royprotim,https://open.spotify.com/playlist/3SzXWgtvU8QRieLHj3mXHs
Bengali songs,6ROosvyjil3kKJ97c6UYnK,2010s Bengali Songs,,0,169,rohanpal636,https://open.spotify.com/playlist/6ROosvyjil3kKJ97c6UYnK
Gujarati music,41WSKsucXp53Nlfk0f2aB0,"Gujarati Hits 2024 | Navratri, Garba, Dandiya","ig: @aryashxh | Aye Haalo!! | Navratri 2024, garba, dandiya, raas, gujarat, gujarati songs, superhits, falguni pathak, bollywood, kinjal dave, aishwarya majmudar, praful dave, nonstop garba, old and new, gujarati folk music, nonstop dandiya, garba party, wedding, gujarati wedding garba, sangeet",0,82,Arya Shah,https://open.spotify.com/playlist/41WSKsucXp53Nlfk0f2aB0
Gujarati music,5jABF8EUh5O1jmqzMzDehM,Gujarati top hit songs,If you like this songs then please like my playlist also. ‡™Ö‡™∞‡´ç‡™•‡™æ‡™§ ‡™ú‡´ã ‡™§‡™Æ‡™®‡´á ‡™Æ‡™æ‡™∞‡´Ä ‡™™‡´ç‡™≤‡´á‡™≤‡™ø‡™∏‡´ç‡™ü ‡™ó‡™Æ‡´ç‡™Æ‡´á ‡™Ö‡™®‡´á ‡™§‡´á‡™®‡™æ ‡™ó‡´Ä‡™§‡´ã ‡™ó‡™Æ‡´á ‡™§‡´ã ‡™≤‡™æ‡™à‡™ï ‡™ï‡™∞‡™ú‡´ã.,0,56,Vyom Majithiya,https://open.spotify.com/playlist/5jABF8EUh5O1jmqzMzDehM
Gujarati music,7rKzjUUPN3fZoFuSaV8T7c,Gujarati garba hits,,0,73,Maitri,https://open.spotify.com/playlist/7rKzjUUPN3fZoFuSaV8T7c
Gujarati music,0ahtofkR9qHdctnA56ash7,GUJARATI HITS,"Garba | Navratri | Folk | Dandiya | Bhajan Gujju&#x27;s zone ,One Stop Gujarati Playlist, kd_thacker Also trying hindi and english songs",0,154,KUSH THACKER,https://open.spotify.com/playlist/0ahtofkR9qHdctnA56ash7
Gujarati music,1MdiaONEN32NbJm8pODnlI,‡™ó‡´Å‡™ú‡™∞‡™æ‡™§‡´Ä ‡™™‡´ç‡™∞‡´á‡™Æ ‚ù§Ô∏è,,0,158,HRADIK‚ù§Ô∏è,https://open.spotify.com/playlist/1MdiaONEN32NbJm8pODnlI
Gujarati music,12dcRDuxQh17duLEZUuZhR,Gujarati playlist ‚ú®,,0,152,mahir,https://open.spotify.com/playlist/12dcRDuxQh17duLEZUuZhR
Gujarati music,7q2ZQt4knPgZj7JzEpMMcE,Best Gujarati songs collections,,0,15,smitparekh23,https://open.spotify.com/playlist/7q2ZQt4knPgZj7JzEpMMcE
Gujarati music,5aQMhRvpqfFofTZZrfn4ke,Bollywood Music ,"Hindi, Gujarati, Punjabi",0,485,Akshit Panapuzha,https://open.spotify.com/playlist/5aQMhRvpqfFofTZZrfn4ke
Gujarati music,0pLveUKUeZdYSf3dUnw4oX,Top Gujarati Folk Songs,,0,127,Paresh Khimji,https://open.spotify.com/playlist/0pLveUKUeZdYSf3dUnw4oX
Gujarati music,6LlQIZVgboj4n9JgTFGCFy,2024 Gujarati,,0,30,Mihir Kuriya,https://open.spotify.com/playlist/6LlQIZVgboj4n9JgTFGCFy
Marathi songs,2f2JMAHAoP4yOFhgTQe9Ml,Top Marathi Hit Songsüö©,All Type Of Favourite Aaple Marathi Songs,0,155,Anya,https://open.spotify.com/playlist/2f2JMAHAoP4yOFhgTQe9Ml
Marathi songs,3Es9D1XYGPKq5z09CWYDK6,Shaky Sanju Rathod | New Marathi Songs 2025 üß° | Trending Marathi Songsüî•| Sanju rathod all songs ü•∞,"shaky sanju rathod, sanju rathod all songs, new marathi song, new marathi songs 2025, trending marathi songs, marathi love songs, romantic marathi songs, ek number tujhi kammar, marathi songs",0,50,Ruchi,https://open.spotify.com/playlist/3Es9D1XYGPKq5z09CWYDK6
Marathi songs,4ZQDbH45V1g3mqWGdbdHKe,‡§Æ‡§∞‡§æ‡§†‡•Ä dj,,0,26,Kailas,https://open.spotify.com/playlist/4ZQDbH45V1g3mqWGdbdHKe
Marathi songs,4VyXj7QL7tcyJFM4h1wYe7,BEST MARATHI Songs,everything good,0,226,Ankur Pansare,https://open.spotify.com/playlist/4VyXj7QL7tcyJFM4h1wYe7
Marathi songs,47n5mrIpdzprmkJQbxMcl6,Old Marathi Evergreen Songs,,0,38,Girish,https://open.spotify.com/playlist/47n5mrIpdzprmkJQbxMcl6
Marathi songs,315CsutgOgWIYkgeqyDuFr,90's Marathi Hits,,0,29,Shishir Bhogle,https://open.spotify.com/playlist/315CsutgOgWIYkgeqyDuFr
Marathi songs,2V7bWY6j9435HL4qqKF7vF,Top Hits Marathi and Hindi mix,,0,46,Ganeshlakde,https://open.spotify.com/playlist/2V7bWY6j9435HL4qqKF7vF
Marathi songs,3EAJ4hGi9J3Acp8YbnnjEa,RomanticüíùMarathi Songs,,0,23,V Narad,https://open.spotify.com/playlist/3EAJ4hGi9J3Acp8YbnnjEa
Marathi songs,7urdeTyz4ZWYJXYMlIMhoJ,‡§π‡•Ä ‡§∏‡•Å‡§∞‡•á‡§ñ‡§æ ‡§Ü‡§™‡§≤‡•ç‡§Ø‡§æ‡§≤‡§æ ‡§™‡§ü‡§≤‡•á‡§≤‡•Ä ‡§π‡§æ‡§Ø!ü•πü´∂üèª,,0,47,sakshiii.xo,https://open.spotify.com/playlist/7urdeTyz4ZWYJXYMlIMhoJ
Marathi songs,4nJB4k0i5uUd6av9ZWrgWs,‡§Æ‡§∞‡§æ‡§†‡•Ä ‡§ó‡•å‡§≥‡§£‡•Ä,,0,25,Swapnil Charkari,https://open.spotify.com/playlist/4nJB4k0i5uUd6av9ZWrgWs
Marathi songs,7Hdu1MsY4OEhImKdFBOisc,Marathi devotional songs,,0,62,Shruti jaiswal,https://open.spotify.com/playlist/7Hdu1MsY4OEhImKdFBOisc
Marathi songs,0xAgsjF4cPRL5K7UKcC1at,DJ Songs Marathi 2024,Top Trending DJ songs In Marathi,0,151,NIRAJ MUSIC,https://open.spotify.com/playlist/0xAgsjF4cPRL5K7UKcC1at
Marathi songs,4KMbBkKLE00PcdYufgasaq,‡§Æ‡§∞‡§æ‡§†‡•Ä ‡§™‡•ç‡§∞‡•á‡§Æ‡§æ‡§ö‡•Ä ‡§ó‡§æ‡§£‡•Ä ‚ù§Ô∏è,,0,142,Omkar Dahibavkar,https://open.spotify.com/playlist/4KMbBkKLE00PcdYufgasaq
Marathi songs,53MDt04RbPnniHpyP7pCHu,Lata Mangeshkar Marathi Songs,,0,54,Rajesh Dandekar,https://open.spotify.com/playlist/53MDt04RbPnniHpyP7pCHu
Marathi songs,1SV2fDhGM5MK8BEZW1Xdft,All Marathi songs,,0,21,AAKANSHA,https://open.spotify.com/playlist/1SV2fDhGM5MK8BEZW1Xdft
Indian classical,0LdzCOkjAfTuZCvJcz98bb,Best of Indian Classsical,A curated list of my favourite Indian classical songs i.e  Hindustani classical and carnatic music,0,53,Udayan Walvekar,https://open.spotify.com/playlist/0LdzCOkjAfTuZCvJcz98bb
Indian classical,4yqla4jAa1uoye44G42Zkd,Soothing Indian Classical Instrumental,,0,10,anubha56,https://open.spotify.com/playlist/4yqla4jAa1uoye44G42Zkd
Indian classical,330Ecu3RHsj81ehMbRFujI,Indian Classical Instrumentals,,0,83,Vishvajeet,https://open.spotify.com/playlist/330Ecu3RHsj81ehMbRFujI
Indian classical,1SOFMvonmycOvDJVTBmZX6,Indian Fusion Instrumental,"Veena, Sitar, Violin, Flute Fusion, no vocals ",0,118,nandita.d,https://open.spotify.com/playlist/1SOFMvonmycOvDJVTBmZX6
Indian classical,66oeOdZOJ6XYP92kkibWYm,Relaxing Indian Flute Music,Relaxing Indian Flute Music,0,202,Buddha‚Äôs Lounge,https://open.spotify.com/playlist/66oeOdZOJ6XYP92kkibWYm
Indian classical,5sgNEknxOyv4I4IpajS6UJ,SITAR FOR MENTAL HEALTH,,0,18,Abhyuday Jha,https://open.spotify.com/playlist/5sgNEknxOyv4I4IpajS6UJ
Indian classical,6szvTNxv5sswZrNpEFj0om,Classical Indian Ragas,Chill out with classical Indian Hindustani and Carnatic Ragas and tunes.,0,92,Yak Zin,https://open.spotify.com/playlist/6szvTNxv5sswZrNpEFj0om
Indian classical,5EZGFeeUWwY97K5evwdnOg,Hindustani Indian Classical Music,Hindustani Indian Classical Music Raga Raaga Zakir Hussain Ravi Shankar Hariprasad Chaurasia,0,231,Musico Playlists,https://open.spotify.com/playlist/5EZGFeeUWwY97K5evwdnOg
Indian classical,5uQI18ikSfFgd8i0hkgQ1N,Indian Classical Fusion Chill,"East meets West. Chill and vibe to the mellow fusions that keeps the roots yet keeps it modern. Featuring Anoushka Shankar, AR Rahman, Ishvari, Bombay Dub Orchestra, Thievery Corporation &amp; many more. Recommend playing in default order. 1-50 less vocals, 50-75 more vocals, 75+ instrumentals etc",0,99,Meher Howji,https://open.spotify.com/playlist/5uQI18ikSfFgd8i0hkgQ1N
Indian classical,6XmKdz14z54cyqZQLU1xX4,Instrumental Indian Classical,"Curating a variety of pieces with different talas, ragas and instruments. Photo is from the Darbar Festival: https:&#x2F;&#x2F;www.youtube.com&#x2F;user&#x2F;darbarfestival",0,45,itsthebling,https://open.spotify.com/playlist/6XmKdz14z54cyqZQLU1xX4
Indian classical,4cyn2drJ49NF5uM2YtwdRS,Classical Indian Music,,0,133,Matthew Auburn,https://open.spotify.com/playlist/4cyn2drJ49NF5uM2YtwdRS
Carnatic music,3sIB6VOssssCO17VUPu80m,Carnatic Classical music,,0,59,lakshmi13000,https://open.spotify.com/playlist/3sIB6VOssssCO17VUPu80m
Carnatic music,0LdzCOkjAfTuZCvJcz98bb,Best of Indian Classsical,A curated list of my favourite Indian classical songs i.e  Hindustani classical and carnatic music,0,53,Udayan Walvekar,https://open.spotify.com/playlist/0LdzCOkjAfTuZCvJcz98bb
Carnatic music,05l0uxjVm9sYLhxNWqWiWq,Indian Carnatic Music,"A personal collection of an avid Carnatic listener and practitioner. This playlist ranges from vocal, intrumental, to dance specific carnatic music. Spanning across traditional recordings from the 1950‚Äôs to the new age wave of music production, Carnatic music offers an ocean of beauty &amp; depth.",0,990,kesh,https://open.spotify.com/playlist/05l0uxjVm9sYLhxNWqWiWq
Carnatic music,66oeOdZOJ6XYP92kkibWYm,Relaxing Indian Flute Music,Relaxing Indian Flute Music,0,202,Buddha‚Äôs Lounge,https://open.spotify.com/playlist/66oeOdZOJ6XYP92kkibWYm
Carnatic music,68CIZc5iGZdAR7mgvHiYij,South Indian Classical Music,"Carnatic music from all over, mostly instrumental.",0,72,Hari Padmanabhan,https://open.spotify.com/playlist/68CIZc5iGZdAR7mgvHiYij
Carnatic music,2Bh7OtQGeaK8U1HxdCnFiw,This Is Carnatic Fusion,,0,94,meeraspotifymy,https://open.spotify.com/playlist/2Bh7OtQGeaK8U1HxdCnFiw
Carnatic music,20lW6glFU4mC42bz2yZbjF,Carnatic Violin üéª,"Mainly Ragam-Tanam-Pallavi (RTP) sets, curated for focus&#x2F;study&#x2F;work and pure joy.",0,67,Sandeep,https://open.spotify.com/playlist/20lW6glFU4mC42bz2yZbjF
Carnatic music,3k8hsJ4df7ycZfM4IY12Rg,Carnatic Lullabies,,0,29,geetha25,https://open.spotify.com/playlist/3k8hsJ4df7ycZfM4IY12Rg
Carnatic music,3G7dFr47syw8ga6b0yXwUx,South Indian Classical,"The best of South Indian classical music, finest Carnatic songs in Telugu, Tamil, Kannada and Sanskrit :)",0,39,Karthik Varma,https://open.spotify.com/playlist/3G7dFr47syw8ga6b0yXwUx
Carnatic music,3TvYl1mWBeLYWFyXRcCf3z,Carnatic Music Lessons,,0,144,Avmissu,https://open.spotify.com/playlist/3TvYl1mWBeLYWFyXRcCf3z
Carnatic music,4Ww3u6NfXlD7qM7AkEsno4,Tamil Carnatic Songs,Songs which feel like carnatic music. The carnatic styled interludes in these songs hit differently every time you listen to them.  Enjoy the ragas and gamakas!,0,157,Chandrakanth,https://open.spotify.com/playlist/4Ww3u6NfXlD7qM7AkEsno4
Carnatic music,479NYqg7JLJ3SURdrbd5Jv,Carnatic Classical,,0,267,Kumaraswamy,https://open.spotify.com/playlist/479NYqg7JLJ3SURdrbd5Jv
Hindustani classical,5EZGFeeUWwY97K5evwdnOg,Hindustani Indian Classical Music,Hindustani Indian Classical Music Raga Raaga Zakir Hussain Ravi Shankar Hariprasad Chaurasia,0,231,Musico Playlists,https://open.spotify.com/playlist/5EZGFeeUWwY97K5evwdnOg
Hindustani classical,0LdzCOkjAfTuZCvJcz98bb,Best of Indian Classsical,A curated list of my favourite Indian classical songs i.e  Hindustani classical and carnatic music,0,53,Udayan Walvekar,https://open.spotify.com/playlist/0LdzCOkjAfTuZCvJcz98bb
Hindustani classical,6szvTNxv5sswZrNpEFj0om,Classical Indian Ragas,Chill out with classical Indian Hindustani and Carnatic Ragas and tunes.,0,92,Yak Zin,https://open.spotify.com/playlist/6szvTNxv5sswZrNpEFj0om
Hindustani classical,01GCEwqUocTsAs5FB2sQrL,Hindustani Classical,,0,47,Shridhar,https://open.spotify.com/playlist/01GCEwqUocTsAs5FB2sQrL
Hindustani classical,66oeOdZOJ6XYP92kkibWYm,Relaxing Indian Flute Music,Relaxing Indian Flute Music,0,202,Buddha‚Äôs Lounge,https://open.spotify.com/playlist/66oeOdZOJ6XYP92kkibWYm
Hindustani classical,2gXWwFBu2VTCV9yCXuHlwP,Hindustani classical vocal,,0,333,Pimi Pandya,https://open.spotify.com/playlist/2gXWwFBu2VTCV9yCXuHlwP
Hindustani classical,4AWnr7vMZdZwiuMh3B9Jk3,Best of Indian Classical Fusion,Fusion of everything good: Hindustani + Carnatic + Indian + Soul + Rock + Folk,0,68,Udayan Walvekar,https://open.spotify.com/playlist/4AWnr7vMZdZwiuMh3B9Jk3
Hindustani classical,4yqla4jAa1uoye44G42Zkd,Soothing Indian Classical Instrumental,,0,10,anubha56,https://open.spotify.com/playlist/4yqla4jAa1uoye44G42Zkd
Hindustani classical,0OkGiVpY2mskgSfrCEXG7m,Hindustani Classical : Vocals,shashtriye sangeet for people who intellectualise their sadness,0,692,Aditi,https://open.spotify.com/playlist/0OkGiVpY2mskgSfrCEXG7m
Hindustani classical,330Ecu3RHsj81ehMbRFujI,Indian Classical Instrumentals,,0,83,Vishvajeet,https://open.spotify.com/playlist/330Ecu3RHsj81ehMbRFujI
Hindustani classical,290EbAemlu1QGrpQujqGyl,Bollywood classical hindustani,Compilation of songs in the recent past that have a classical influence.,0,62,Vivek Iyer,https://open.spotify.com/playlist/290EbAemlu1QGrpQujqGyl
Hindustani classical,07TTxAhPmKr4Pw3A8GWcnv,Hindustani Vocals,"An exquisite collection of Thumris, Khayals &amp; Bhajans by Legendary Hindustani Classical Vocalists of all time!",0,62,Sumeet,https://open.spotify.com/playlist/07TTxAhPmKr4Pw3A8GWcnv
Bhangra,1RY4hHMzlWRqNVyGm0kW7H,The Best Bhangra Mix 2025!,"The best bhangra songs of 2025, great for playing along with the dhol, dancing &amp; partying to!",0,105,Gaurav Ojelay,https://open.spotify.com/playlist/1RY4hHMzlWRqNVyGm0kW7H
Bhangra,60VTe7XgOb4EWmlhTtU9IQ,Punjabi Bhangra Songs üî•,The ultimate collection for Best Punjabi Bhangra Hit Songs. Get ready to dance! Burrraahhhh. Instagram: @voxvisionstudios,0,138,Vox & Vision Studios,https://open.spotify.com/playlist/60VTe7XgOb4EWmlhTtU9IQ
Bhangra,4AjfXHUevfaL6BorAPfQAJ,CLASSIC PUNJABI BANGERSü•µ,BRRRRUUUUUAAAAHHH,0,93,Nevan Dodhia,https://open.spotify.com/playlist/4AjfXHUevfaL6BorAPfQAJ
Bhangra,3xMjKrSiB5Kc7Mv67ulyqv,Punjabi Dance Party Hits üî•NonStop Danceüî•,,0,55,R@MusicFever,https://open.spotify.com/playlist/3xMjKrSiB5Kc7Mv67ulyqv
Bhangra,04p564XnugcZ8pRLhLmabp,Bhangra Classics üôå,,0,79,Kyra Bains,https://open.spotify.com/playlist/04p564XnugcZ8pRLhLmabp
Bhangra,0D1S9ZZ4XOv1ZCrlnkpPpL,Bhangra/Punjabi Mixtapes & Mashups,Filter from latest to oldest for the latest adds!,0,972,amitag1,https://open.spotify.com/playlist/0D1S9ZZ4XOv1ZCrlnkpPpL
Bhangra,6Y3iKQLKSknSAUqXFoU5Fj,Punjabi Bhangra & Party Hits - DJ Padda,,0,158,DJ Padda,https://open.spotify.com/playlist/6Y3iKQLKSknSAUqXFoU5Fj
Bhangra,6kO2BzLITX9a6HEUSDCAvS,Desi songs which makes you wanna chammak challo,say yay cuz its time to dhoom machaleyy,0,118,lluvs<3,https://open.spotify.com/playlist/6kO2BzLITX9a6HEUSDCAvS
Bhangra,2njHyLeKLd6BdXykYyZU7y,üéä DESI PARTY | BOLLYWOOD PARTY - Sangeet Night |  Wedding Bhangra,Roots - High Energy | bollywood | bhangra | bollywood dance songs | bollywood beats to keep you dancing | Jai Jai Shivshankar | Aankh Marey | bollywood party songs,0,112,Am.al,https://open.spotify.com/playlist/2njHyLeKLd6BdXykYyZU7y
Bhangra,5K2l5nsck0hPW3tvSdStWi,Old School UK Bhangra: Best of 90's - 00's,"The Ultimate UK Bhangra playlist from the 1990&#x27;s and 2000&#x27;s with straight up bangers from the best, including Gubi Sandhu, E=MC, XLNC, RDB &amp; Many More. Cover: Indy Sagu",0,287,bhavz12,https://open.spotify.com/playlist/5K2l5nsck0hPW3tvSdStWi
Bhangra,5KxdGJ4r3a3WHEeuSLPbBK,Bhangra Dancefloor Bangerz,,0,324,joe,https://open.spotify.com/playlist/5KxdGJ4r3a3WHEeuSLPbBK
Indian folk,0357P55UJX5TztiagIgO57,Indian Folk Songs,,0,32,tigerjpmhk,https://open.spotify.com/playlist/0357P55UJX5TztiagIgO57
Indian folk,35DGnQJr31U5FDolOH7qcV,"Tribal Drums Music, Ethnic Fast Hand Percussion, Native Tribes of the World Drumming - 2025 Playlist","Cultures: African, Indian, American, Chinese, Asian. Traditional folk dance, shaman jungle songs, war beats and some chants from Africa. Early-2025 update.",0,80,Demfire Creation,https://open.spotify.com/playlist/35DGnQJr31U5FDolOH7qcV
Indian folk,66oeOdZOJ6XYP92kkibWYm,Relaxing Indian Flute Music,Relaxing Indian Flute Music,0,202,Buddha‚Äôs Lounge,https://open.spotify.com/playlist/66oeOdZOJ6XYP92kkibWYm
Indian folk,3r9RjwQbrTnUG2XQtHgmCG,FOLK METAL ü™ì Celtic & Pagan Metal,"Folk metal, ethnic metal, celtic punk, pagan rock, viking metal, bagpipes, gypsy punk, arabic mongolian, indian folk, egyptian tavern pirate, folk rock battle music, traditional instruments, world fusion, korpiklaani, finntroll, turisas, eluveitie ü™ìüèπüó°‚öî  6",0,149,üî± THEOCIDE STUDIOS üî±,https://open.spotify.com/playlist/3r9RjwQbrTnUG2XQtHgmCG
Indian folk,2hBKJPwmU90BZeo38tKGXo,INDIAN PARTY HITS,,0,74,Aliyah ü¶ã,https://open.spotify.com/playlist/2hBKJPwmU90BZeo38tKGXo
Indian folk,4HRNuCvesjLUZma2e4oDG5,"WORLD MUSIC FUSION African Indian Euro Latin Celtic Asian Jazz Fusion, Trance, Music of the World","High-energy, polyrhythmic, modern folk&#x2F;afrobeat songs and instrumental fusion. Experimental. Psychedelic. Ethnic roots with western influences. Good for ecstatic dance. painting, creative writing, driving, and finding creative inspiration. Coffee house ambiance, Clean lyrics. Positive vibes.",0,259,RedAlertMusic,https://open.spotify.com/playlist/4HRNuCvesjLUZma2e4oDG5
Indian folk,6d3siRS02NrkJIoLv1TbnU,Indian Sitar & Tabla,Traditional Indian music with sitar and tabla. Info: lamalavanna@gmail.com,0,16,lamalavanna,https://open.spotify.com/playlist/6d3siRS02NrkJIoLv1TbnU
Indian folk,4AWnr7vMZdZwiuMh3B9Jk3,Best of Indian Classical Fusion,Fusion of everything good: Hindustani + Carnatic + Indian + Soul + Rock + Folk,0,68,Udayan Walvekar,https://open.spotify.com/playlist/4AWnr7vMZdZwiuMh3B9Jk3
Indian folk,3h25ontOtqQtM6FlkQku7O,"Abhinav Mishra, Masaba","Desi, folk, old-timey, festive wedding songs with a contemporary vibe from Indian fashion houses! | One Love, Abhinav Mishra, Masaba, Abu Jani Sandeep Khosla, Anita Dongre, Kunal Rawal, Vylom, Chehra, qawwali, Wedding Unplugged, Chalte Chalte, Chalo Dildar Chale, beqarar karke hamen, hasta hua",0,36,Mayank Patel,https://open.spotify.com/playlist/3h25ontOtqQtM6FlkQku7O
Indian folk,0ltJaI6PHs19ilfY6ttPLO,"Kaagaz ke do pankh le ke, uda chala jaaye re",Indian folk? classical? some nice music.,0,22,~Ananya~,https://open.spotify.com/playlist/0ltJaI6PHs19ilfY6ttPLO
Indian folk,1SOFMvonmycOvDJVTBmZX6,Indian Fusion Instrumental,"Veena, Sitar, Violin, Flute Fusion, no vocals ",0,118,nandita.d,https://open.spotify.com/playlist/1SOFMvonmycOvDJVTBmZX6
Indian folk,3ZKnx8UraWwTkuAMIX8OUz, Bay Area Long Roads,"soul, funk, jazz, rnb, folk, electronic, country, hip hop, indian music",0,144,Jules Figueroa,https://open.spotify.com/playlist/3ZKnx8UraWwTkuAMIX8OUz
Indian folk,4YfZtHb0F3K1a7lHsDtL25,Indian folk electronic,,0,51,Akanksha,https://open.spotify.com/playlist/4YfZtHb0F3K1a7lHsDtL25
Indian folk,4Gyl5mvdf0LBN3pT6SAPUJ,indiana folk(ish),,0,65,comm0r,https://open.spotify.com/playlist/4Gyl5mvdf0LBN3pT6SAPUJ
Devotional songs,4bFpckX4543lROR5VHiwsw,Telugu Devotional Songs,Compiled best of telugu devotional songs by singers in telugu film industry,0,124,Gadde Devendra,https://open.spotify.com/playlist/4bFpckX4543lROR5VHiwsw
Devotional songs,4xrfj1jmSp9Ks9KYfhtklb,Top Malayalam Christian Devotional Songs‚ù§Ô∏èüôèüôè,üëâFollow me Instagram: @al_win_m,0,28,al_win_m,https://open.spotify.com/playlist/4xrfj1jmSp9Ks9KYfhtklb
Devotional songs,1iBFaCbNuZUyqmmv2Dm7AP,MS subbulakshmi devotional songs,,0,101,Melody Queen,https://open.spotify.com/playlist/1iBFaCbNuZUyqmmv2Dm7AP
Devotional songs,5Kn2hREXo5l3r9pZ1RCsci,The Fruit of the Spirit for Kids,"Meaningful songs to accompany the daily devotionals in &quot;The Fruit of the Spirit for Kids!&quot;, a free digital devotional for families from KidsEnjoyingJesus.com",0,15,Nathan Hamilton,https://open.spotify.com/playlist/5Kn2hREXo5l3r9pZ1RCsci
Devotional songs,2zgVGclUkFkaIRktiYuLbx,telugu devotional songs from movies,,0,29,yaswanth,https://open.spotify.com/playlist/2zgVGclUkFkaIRktiYuLbx
Devotional songs,54i4ygGRUiT04Ro6ZcsXqo,Devotional Hindi Songs,Amazing way to start your morning by being grateful,0,38,Asmara Thakur,https://open.spotify.com/playlist/54i4ygGRUiT04Ro6ZcsXqo
Devotional songs,2JX3XmmaFlGOkAjSefNpL6,Top Devotional Songs üõê‚ù§Ô∏è,Embrace your spiritual growth by listening these songs and make a connection with the divine and radiate positive energyüïâÔ∏è‚ù§Ô∏è‚òÆÔ∏èü¶ö,0,148,Prachi,https://open.spotify.com/playlist/2JX3XmmaFlGOkAjSefNpL6
Devotional songs,7erDLpPfGMM35HpSTHYfZi,Christian Malayalam Devotional Songs,,0,42,Bijo Joseph,https://open.spotify.com/playlist/7erDLpPfGMM35HpSTHYfZi
Devotional songs,2zDpnvn0aNGTck7Rwzb7oc,Tamil Devotional Hits,,0,61,Civil Raja,https://open.spotify.com/playlist/2zDpnvn0aNGTck7Rwzb7oc
Devotional songs,7eiJ7L7ptVnTccJMNW1sXf,Top Devotional songs ‚ù§Ô∏è‚ù§Ô∏è,"Sabse bada hai prem jagat me , prem sa na kuch dooja....prem swayam ishwar ka roop hai, prem hi sacchi Pooja ....üíûüôè",0,135,ü¶ãPriyanka...ü•∞,https://open.spotify.com/playlist/7eiJ7L7ptVnTccJMNW1sXf
Devotional songs,4CX3fn8CnGb8HxpaaVghn9,Tuesday Devotional Songs,,0,7,Damini Krishnan,https://open.spotify.com/playlist/4CX3fn8CnGb8HxpaaVghn9
Devotional songs,3r9XRFXu4vByV29msfBi5p,Devotional Background Music,Beautiful instrumentals. Try my playlist &quot;Beautiful Christian Vocal Songs&quot;!,0,236,Anthony Vongschanphen,https://open.spotify.com/playlist/3r9XRFXu4vByV29msfBi5p
Devotional songs,73vgLjUso2baumoiuwb9fJ,Trending Devotional üö©,,0,9,Jaee Soni,https://open.spotify.com/playlist/73vgLjUso2baumoiuwb9fJ
Devotional songs,2JpLLSW609mUTCzdY1QCOk,ü™Ω‡ºªìäà Hermes Devotional ìäâ‡º∫ ü™Ω,Devotional playlist for Hermes; songs Hermes seems to like,0,40,oli,https://open.spotify.com/playlist/2JpLLSW609mUTCzdY1QCOk
Devotional songs,5t0jJKaWnFzH0jWGQQhgYA,Devotional TimeüòÆ‚Äçüí®,Background music for your quiet time,0,75,savvyspired,https://open.spotify.com/playlist/5t0jJKaWnFzH0jWGQQhgYA
Devotional songs,1vcRt7ettHSLR7A5YMdbg5,Morning Devotional Songs - Tamil,,0,10,Ravi Kumar,https://open.spotify.com/playlist/1vcRt7ettHSLR7A5YMdbg5
Devotional songs,62RrHfsbwsNg4AfnnD1w0B,Malayalam devotional hindu songs,,0,54,Jagensam @ Redbubble,https://open.spotify.com/playlist/62RrHfsbwsNg4AfnnD1w0B
Devotional songs,7IQ3qayjlhE5ZM3M0Z826M,Kateel devotional songs,,0,6,Harshitha B Kulal,https://open.spotify.com/playlist/7IQ3qayjlhE5ZM3M0Z826M
